response_id,timestamp,residency,age,crypto_experience,portfolio_btc_eth,portfolio_stablecoins,portfolio_memecoins,portfolio_nfts,portfolio_none,info_telegram,info_twitter_x,info_youtube,info_lihkg,info_discord,info_xiaohongshu,investment_driver,platform_usage,factor_user_experience,factor_fee_structure,factor_asset_variety,factor_community_vibe,factor_regulatory_compliance,friction_point,word_reliable,word_safe,word_institutional,word_boring,word_premium,word_restrictive,word_elite,trust_score,engagement_score,pizza_day_awareness,incentive_preference,safe_punk_receptivity
R0001,2026-02-15 10:37:04,Hong Kong,29,1–3 years,0,0,0,0,1,1,1,0,0,0,0,Speculation (Quick gains),DEX (Uniswap/Jupiter),2,4,4,5,3,High Fees,0,1,0,0,0,0,0,4,3,"Yes, I celebrate it",Exclusive Airdrop of Trending Tokens,Likely would change perception
R0002,2026-02-15 11:01:08,Hong Kong,26,Interested but haven't started,1,0,0,0,0,1,1,1,0,0,1,Speculation (Quick gains),Offshore (Binance/OKX/Bybit),4,4,3,4,3,"Lack of ""Degen"" Culture",1,0,0,1,1,0,0,4,1,No,Limited Edition NFT,Likely would change perception
R0003,2026-02-15 13:43:17,Hong Kong,22,1–3 years,1,0,0,0,0,1,0,1,1,0,0,Community & Narrative,Offshore (Binance/OKX/Bybit),5,3,3,3,3,No USDT Pairs,1,1,1,0,1,1,1,3,3,No,Exclusive Airdrop of Trending Tokens,Unlikely to change perception
R0004,2026-02-15 14:30:28,Hong Kong,27,3+ years,0,1,0,0,0,1,1,0,0,0,0,Financial Independence,OTC Stores,5,5,4,4,5,Complex KYC,1,0,1,0,0,1,0,5,4,Heard of it,Trading Fee Rebates,Definitely would change perception
R0005,2026-02-15 15:54:51,Hong Kong,18,3+ years,0,1,1,0,0,1,1,1,0,0,0,Financial Independence,Offshore (Binance/OKX/Bybit),4,4,5,3,4,No USDT Pairs,1,1,0,0,0,0,0,4,2,Heard of it,Exclusive Airdrop of Trending Tokens,Neutral
R0006,2026-02-15 17:24:33,Hong Kong,31,1–3 years,1,1,0,0,0,1,0,0,0,1,1,Financial Independence,DEX (Uniswap/Jupiter),4,3,5,4,3,High Fees,0,1,1,1,0,1,0,4,2,No,Trading Fee Rebates,Unlikely to change perception
R0007,2026-02-15 17:40:11,Hong Kong,24,3+ years,1,1,1,0,0,0,0,0,1,1,0,Financial Independence,DEX (Uniswap/Jupiter),5,4,3,4,4,PI Restrictions,1,0,1,0,0,0,0,5,2,"Yes, I celebrate it",Exclusive Airdrop of Trending Tokens,Likely would change perception
R0008,2026-02-15 20:34:22,Hong Kong,34,1–3 years,0,1,0,1,0,1,1,0,0,0,0,Financial Independence,OTC Stores,4,4,4,3,3,Complex KYC,0,1,1,0,0,0,0,4,2,"Yes, I celebrate it",Physical Pizza Party in Central,Likely would change perception
R0009,2026-02-15 21:01:45,Hong Kong,18,Less than 1 year,1,0,0,1,0,1,1,1,0,0,1,Speculation (Quick gains),Offshore (Binance/OKX/Bybit),5,4,4,4,3,No USDT Pairs,0,0,0,0,0,0,1,4,3,No,Exclusive Airdrop of Trending Tokens,Neutral
R0010,2026-02-16 00:18:54,Hong Kong,21,Less than 1 year,1,1,1,0,0,0,0,1,1,0,0,Technology,Licensed (HashKey/OSL),4,4,5,3,2,"Lack of ""Degen"" Culture",0,0,0,1,0,0,0,6,4,No,Exclusive Airdrop of Trending Tokens,Likely would change perception
R0011,2026-02-16 01:10:34,Hong Kong,31,1–3 years,1,0,0,1,0,0,0,1,0,0,0,Technology,Offshore (Binance/OKX/Bybit),4,4,3,5,3,Complex KYC,0,0,0,0,0,0,0,7,1,Heard of it,Limited Edition NFT,Likely would change perception
R0012,2026-02-16 04:31:51,Hong Kong,24,1–3 years,1,0,0,0,0,1,1,1,1,0,0,Speculation (Quick gains),Offshore (Binance/OKX/Bybit),4,5,4,4,2,"Lack of ""Degen"" Culture",1,0,0,0,0,0,0,7,3,Heard of it,Physical Pizza Party in Central,Likely would change perception
R0013,2026-02-16 08:12:58,Hong Kong,32,1–3 years,1,0,1,0,0,0,1,0,0,1,1,Technology,Offshore (Binance/OKX/Bybit),4,5,2,2,2,Complex KYC,1,1,1,0,0,0,0,6,4,Heard of it,Exclusive Airdrop of Trending Tokens,Likely would change perception
R0014,2026-02-16 08:36:45,Hong Kong,25,1–3 years,0,1,1,0,0,1,0,0,0,0,0,Financial Independence,DEX (Uniswap/Jupiter),4,4,5,2,1,Complex KYC,0,0,1,0,0,0,1,6,3,Heard of it,Trading Fee Rebates,Likely would change perception
R0015,2026-02-16 10:26:27,Hong Kong,27,Less than 1 year,1,1,0,0,0,1,0,0,0,1,0,Financial Independence,Offshore (Binance/OKX/Bybit),5,5,4,4,1,"Lack of ""Degen"" Culture",1,1,1,0,0,0,0,4,1,Heard of it,Trading Fee Rebates,Definitely would change perception
R0016,2026-02-16 11:24:13,Hong Kong,32,1–3 years,0,1,0,0,0,0,1,0,0,1,1,Technology,Offshore (Binance/OKX/Bybit),5,3,4,4,5,High Fees,0,0,1,1,0,0,0,4,3,No,Exclusive Airdrop of Trending Tokens,Neutral
R0017,2026-02-16 15:42:55,Hong Kong,21,1–3 years,0,0,0,1,0,1,0,1,0,1,0,Financial Independence,Licensed (HashKey/OSL),4,3,3,4,1,Complex KYC,1,1,1,1,1,0,0,7,3,Heard of it,Exclusive Airdrop of Trending Tokens,Likely would change perception
R0018,2026-02-16 17:23:14,Hong Kong,31,1–3 years,0,0,0,0,1,1,1,0,0,0,0,Financial Independence,Licensed (HashKey/OSL),5,5,4,4,3,High Fees,1,1,1,0,0,0,0,4,4,No,Trading Fee Rebates,Likely would change perception
R0019,2026-02-16 17:30:28,Hong Kong,20,3+ years,1,0,0,0,0,1,1,0,1,0,1,Speculation (Quick gains),Licensed (HashKey/OSL),5,4,3,4,4,No USDT Pairs,1,0,0,0,0,1,0,6,3,Heard of it,Exclusive Airdrop of Trending Tokens,Likely would change perception
R0020,2026-02-16 17:31:18,Hong Kong,21,1–3 years,1,1,0,0,0,1,1,0,0,0,0,Financial Independence,Offshore (Binance/OKX/Bybit),5,4,4,3,3,High Fees,0,0,0,0,0,0,1,5,4,Heard of it,Trading Fee Rebates,Likely would change perception
R0021,2026-02-16 17:33:40,Hong Kong,24,Interested but haven't started,1,0,0,0,0,1,0,1,0,0,0,Speculation (Quick gains),Licensed (HashKey/OSL),4,3,4,3,1,Complex KYC,0,0,1,1,0,0,0,5,4,Heard of it,Exclusive Airdrop of Trending Tokens,Likely would change perception
R0022,2026-02-16 18:22:56,Hong Kong,22,3+ years,1,1,1,0,0,1,1,1,0,0,0,Financial Independence,Offshore (Binance/OKX/Bybit),4,3,3,3,2,High Fees,1,0,0,0,0,0,0,5,4,Heard of it,Trading Fee Rebates,Neutral
R0023,2026-02-16 19:01:53,Hong Kong,29,3+ years,1,0,1,0,0,1,1,0,0,0,0,Financial Independence,Licensed (HashKey/OSL),5,5,3,3,2,"Lack of ""Degen"" Culture",0,1,0,0,0,0,1,6,3,Heard of it,Limited Edition NFT,Neutral
R0024,2026-02-16 19:13:55,Hong Kong,23,1–3 years,1,1,1,0,0,1,0,1,1,0,0,Technology,Licensed (HashKey/OSL),3,3,5,3,3,"Lack of ""Degen"" Culture",1,0,1,1,0,0,0,4,2,Heard of it,Exclusive Airdrop of Trending Tokens,Neutral
R0025,2026-02-16 21:04:58,Hong Kong,21,1–3 years,0,1,0,1,0,1,1,1,0,0,0,Speculation (Quick gains),DEX (Uniswap/Jupiter),3,3,4,3,2,High Fees,0,1,0,1,0,0,0,6,3,Heard of it,Trading Fee Rebates,Neutral
R0026,2026-02-16 22:27:11,Hong Kong,24,Interested but haven't started,1,0,0,0,0,1,0,0,1,0,0,Community & Narrative,Offshore (Binance/OKX/Bybit),5,4,4,4,3,High Fees,0,0,1,1,0,0,0,5,1,Heard of it,Trading Fee Rebates,Neutral
R0027,2026-02-16 22:55:51,Hong Kong,22,1–3 years,1,1,0,0,0,1,1,0,0,0,0,Financial Independence,Licensed (HashKey/OSL),3,3,5,5,2,No USDT Pairs,1,1,1,0,0,0,0,4,2,Heard of it,Exclusive Airdrop of Trending Tokens,Likely would change perception
R0028,2026-02-17 01:18:41,Hong Kong,25,Less than 1 year,1,0,1,0,0,1,0,1,1,0,1,Speculation (Quick gains),Offshore (Binance/OKX/Bybit),4,4,5,5,2,"Lack of ""Degen"" Culture",1,1,1,0,0,0,1,5,2,Heard of it,Exclusive Airdrop of Trending Tokens,Likely would change perception
R0029,2026-02-17 02:11:45,Hong Kong,19,Less than 1 year,1,0,0,1,0,0,1,0,0,1,0,Financial Independence,Offshore (Binance/OKX/Bybit),5,4,5,5,1,Complex KYC,0,0,0,0,0,0,0,6,1,No,Exclusive Airdrop of Trending Tokens,Neutral
R0030,2026-02-17 04:22:38,Hong Kong,23,Less than 1 year,1,1,1,0,0,0,1,0,1,0,0,Technology,Offshore (Binance/OKX/Bybit),5,5,2,5,3,High Fees,0,1,0,1,0,0,0,5,4,No,Trading Fee Rebates,Likely would change perception
R0031,2026-02-17 06:10:10,Hong Kong,28,1–3 years,1,0,0,1,0,1,1,0,0,0,1,Speculation (Quick gains),Offshore (Binance/OKX/Bybit),4,4,4,3,1,Complex KYC,1,0,0,1,1,0,0,6,5,Heard of it,Exclusive Airdrop of Trending Tokens,Likely would change perception
R0032,2026-02-17 07:56:06,Hong Kong,32,1–3 years,1,1,0,0,0,0,1,1,0,0,1,Technology,Offshore (Binance/OKX/Bybit),5,5,2,2,4,Complex KYC,0,1,0,0,0,0,0,6,4,Heard of it,Exclusive Airdrop of Trending Tokens,Neutral
R0033,2026-02-17 09:49:49,Hong Kong,21,Interested but haven't started,1,1,0,0,0,1,1,0,1,1,0,Financial Independence,Offshore (Binance/OKX/Bybit),3,4,4,4,3,High Fees,1,1,1,0,0,0,0,5,5,Heard of it,Trading Fee Rebates,Neutral
R0034,2026-02-17 15:45:43,Hong Kong,19,Less than 1 year,1,0,0,0,0,1,0,1,0,0,0,Speculation (Quick gains),Offshore (Binance/OKX/Bybit),5,3,5,3,4,"Lack of ""Degen"" Culture",0,0,0,1,0,0,0,7,4,Heard of it,Physical Pizza Party in Central,Likely would change perception
R0035,2026-02-17 17:05:54,Hong Kong,30,Less than 1 year,0,1,0,0,0,1,1,1,0,0,0,Financial Independence,Offshore (Binance/OKX/Bybit),5,4,3,2,4,No USDT Pairs,0,1,0,0,0,0,0,6,4,No,Trading Fee Rebates,Definitely would change perception
R0036,2026-02-17 17:16:47,Hong Kong,29,3+ years,1,1,0,0,0,0,1,1,1,0,0,Financial Independence,Offshore (Binance/OKX/Bybit),5,4,4,4,2,No USDT Pairs,0,1,0,1,0,1,0,3,2,No,Exclusive Airdrop of Trending Tokens,Likely would change perception
R0037,2026-02-17 17:37:25,Hong Kong,29,Interested but haven't started,1,0,0,0,0,1,1,0,0,0,0,Speculation (Quick gains),Offshore (Binance/OKX/Bybit),5,3,4,3,4,"Lack of ""Degen"" Culture",1,1,0,0,0,0,0,2,4,Heard of it,Exclusive Airdrop of Trending Tokens,Neutral
R0038,2026-02-17 17:59:35,Hong Kong,31,3+ years,0,1,0,1,0,0,1,0,0,0,0,Technology,OTC Stores,4,3,4,1,5,High Fees,1,0,0,0,0,0,0,5,1,Heard of it,Exclusive Airdrop of Trending Tokens,Likely would change perception
R0039,2026-02-17 20:05:29,Hong Kong,18,1–3 years,1,0,1,0,0,1,1,0,1,0,1,Financial Independence,Offshore (Binance/OKX/Bybit),4,3,3,4,3,"Lack of ""Degen"" Culture",1,0,1,0,0,1,0,6,2,"Yes, I celebrate it",Exclusive Airdrop of Trending Tokens,Neutral
R0040,2026-02-17 22:00:59,Hong Kong,33,Interested but haven't started,1,1,1,0,0,1,1,0,1,0,0,Financial Independence,Offshore (Binance/OKX/Bybit),4,4,3,4,2,Complex KYC,0,0,0,1,0,0,1,3,2,Heard of it,Exclusive Airdrop of Trending Tokens,Definitely would not change perception
R0041,2026-02-18 03:40:13,Hong Kong,30,1–3 years,1,1,1,0,0,1,1,1,1,1,0,Financial Independence,Offshore (Binance/OKX/Bybit),5,3,5,2,5,"Lack of ""Degen"" Culture",1,0,1,0,1,0,0,5,4,Heard of it,Exclusive Airdrop of Trending Tokens,Unlikely to change perception
R0042,2026-02-18 04:15:59,Hong Kong,28,3+ years,1,1,1,0,0,1,0,0,1,1,0,Financial Independence,OTC Stores,5,4,4,3,4,"Lack of ""Degen"" Culture",0,0,0,0,0,0,0,7,4,Heard of it,Trading Fee Rebates,Neutral
R0043,2026-02-18 05:05:00,Hong Kong,23,Less than 1 year,1,1,0,0,0,0,0,0,0,0,1,Financial Independence,Offshore (Binance/OKX/Bybit),5,5,2,4,3,High Fees,1,1,0,1,0,0,0,5,4,No,Exclusive Airdrop of Trending Tokens,Neutral
R0044,2026-02-18 06:17:16,Hong Kong,22,Less than 1 year,0,1,0,0,0,1,1,1,0,1,0,Community & Narrative,Licensed (HashKey/OSL),4,4,4,3,2,Complex KYC,0,1,0,1,0,0,0,6,2,No,Trading Fee Rebates,Unlikely to change perception
R0045,2026-02-18 06:26:50,Hong Kong,19,1–3 years,1,1,0,0,0,0,1,1,1,0,1,Financial Independence,Offshore (Binance/OKX/Bybit),3,4,4,4,4,"Lack of ""Degen"" Culture",1,0,1,0,0,0,0,5,3,Heard of it,Exclusive Airdrop of Trending Tokens,Definitely would change perception
R0046,2026-02-18 07:02:35,Hong Kong,35,1–3 years,1,1,0,0,0,1,0,1,0,0,1,Financial Independence,Offshore (Binance/OKX/Bybit),5,4,4,2,4,"Lack of ""Degen"" Culture",1,0,1,1,1,0,0,6,2,Heard of it,Trading Fee Rebates,Likely would change perception
R0047,2026-02-18 08:33:39,Hong Kong,18,1–3 years,1,1,1,0,0,1,1,1,1,0,0,Speculation (Quick gains),Offshore (Binance/OKX/Bybit),4,5,5,4,3,"Lack of ""Degen"" Culture",0,1,0,0,1,0,0,7,1,Heard of it,Exclusive Airdrop of Trending Tokens,Definitely would not change perception
R0048,2026-02-18 12:00:11,Hong Kong,19,1–3 years,1,1,0,0,0,1,1,1,0,0,0,Financial Independence,Offshore (Binance/OKX/Bybit),3,2,5,4,4,High Fees,0,1,0,0,0,0,0,7,2,Heard of it,Limited Edition NFT,Likely would change perception
R0049,2026-02-18 12:41:40,Hong Kong,32,Less than 1 year,0,0,1,1,0,1,1,0,0,0,0,Speculation (Quick gains),Offshore (Binance/OKX/Bybit),5,4,5,3,4,"Lack of ""Degen"" Culture",1,1,0,0,0,0,0,4,5,Heard of it,Exclusive Airdrop of Trending Tokens,Neutral
R0050,2026-02-18 16:44:07,Hong Kong,33,Less than 1 year,1,0,0,0,0,0,0,0,1,0,1,Speculation (Quick gains),Offshore (Binance/OKX/Bybit),5,3,4,3,1,Complex KYC,0,1,1,1,0,0,0,6,5,Heard of it,Limited Edition NFT,Definitely would not change perception
R0051,2026-02-18 17:43:40,Hong Kong,19,Interested but haven't started,0,0,1,1,0,1,1,0,1,1,1,Speculation (Quick gains),DEX (Uniswap/Jupiter),5,5,4,4,4,PI Restrictions,1,0,1,1,1,0,1,5,3,No,Exclusive Airdrop of Trending Tokens,Neutral
R0052,2026-02-18 18:21:30,Hong Kong,35,3+ years,0,1,0,0,0,1,0,1,0,0,0,Financial Independence,Offshore (Binance/OKX/Bybit),2,3,5,4,2,High Fees,0,0,0,1,0,0,0,6,1,No,Exclusive Airdrop of Trending Tokens,Definitely would not change perception
R0053,2026-02-18 19:02:39,Hong Kong,23,Interested but haven't started,1,1,1,0,0,1,1,0,0,0,1,Financial Independence,Offshore (Binance/OKX/Bybit),4,3,5,3,3,Complex KYC,1,0,1,0,0,1,0,6,6,Heard of it,Exclusive Airdrop of Trending Tokens,Likely would change perception
R0054,2026-02-19 03:04:12,Hong Kong,32,1–3 years,1,1,0,1,0,1,1,1,0,0,0,Community & Narrative,Licensed (HashKey/OSL),5,4,5,4,2,"Lack of ""Degen"" Culture",1,0,0,0,0,0,0,6,2,Heard of it,Exclusive Airdrop of Trending Tokens,Unlikely to change perception
R0055,2026-02-19 05:12:03,Hong Kong,31,Interested but haven't started,1,1,0,0,0,0,0,1,0,1,0,Speculation (Quick gains),Licensed (HashKey/OSL),4,5,5,2,5,Complex KYC,1,1,0,1,1,0,0,6,5,No,Limited Edition NFT,Likely would change perception
R0056,2026-02-19 08:45:31,Hong Kong,19,3+ years,1,1,0,0,0,1,0,1,0,1,0,Technology,Offshore (Binance/OKX/Bybit),4,4,4,4,3,"Lack of ""Degen"" Culture",0,0,1,1,0,0,0,5,3,No,Exclusive Airdrop of Trending Tokens,Likely would change perception
R0057,2026-02-19 08:46:39,Hong Kong,30,1–3 years,0,0,0,1,0,0,0,0,1,1,0,Community & Narrative,Offshore (Binance/OKX/Bybit),4,4,4,4,5,No USDT Pairs,1,0,0,1,0,0,0,6,4,Heard of it,Exclusive Airdrop of Trending Tokens,Neutral
R0058,2026-02-19 10:38:32,Hong Kong,24,Less than 1 year,0,0,0,0,1,1,1,0,1,0,0,Financial Independence,Licensed (HashKey/OSL),3,5,4,3,4,"Lack of ""Degen"" Culture",1,1,0,0,0,0,0,6,5,Heard of it,Physical Pizza Party in Central,Likely would change perception
R0059,2026-02-19 14:22:33,Hong Kong,32,1–3 years,1,1,0,0,0,1,1,0,1,0,0,Technology,Offshore (Binance/OKX/Bybit),3,4,2,3,3,"Lack of ""Degen"" Culture",0,0,1,0,0,0,1,4,2,No,Physical Pizza Party in Central,Likely would change perception
R0060,2026-02-19 16:21:39,Hong Kong,27,Interested but haven't started,1,0,1,0,0,0,1,0,0,0,0,Financial Independence,Offshore (Binance/OKX/Bybit),4,2,3,3,4,"Lack of ""Degen"" Culture",0,1,0,0,0,0,0,7,1,"Yes, I celebrate it",Trading Fee Rebates,Neutral
R0061,2026-02-19 16:36:24,Hong Kong,22,3+ years,1,0,0,0,0,0,0,1,0,0,0,Speculation (Quick gains),DEX (Uniswap/Jupiter),5,5,4,4,5,No USDT Pairs,0,1,1,0,0,0,0,6,2,No,Exclusive Airdrop of Trending Tokens,Neutral
R0062,2026-02-19 16:53:16,Hong Kong,34,Less than 1 year,1,1,1,0,0,1,0,0,0,0,0,Financial Independence,Offshore (Binance/OKX/Bybit),4,5,3,3,5,"Lack of ""Degen"" Culture",0,1,1,0,0,1,0,4,2,No,Trading Fee Rebates,Neutral
R0063,2026-02-19 16:57:59,Hong Kong,22,1–3 years,1,1,0,0,0,1,0,1,0,0,0,Speculation (Quick gains),Offshore (Binance/OKX/Bybit),5,5,3,3,2,PI Restrictions,1,1,0,1,0,1,0,5,4,No,Exclusive Airdrop of Trending Tokens,Definitely would change perception
R0064,2026-02-19 17:44:09,Hong Kong,34,Interested but haven't started,0,0,0,1,0,1,1,1,0,0,1,Financial Independence,Offshore (Binance/OKX/Bybit),4,4,3,1,2,Complex KYC,1,0,1,0,0,1,0,5,3,Heard of it,Limited Edition NFT,Neutral
R0065,2026-02-19 18:13:59,Hong Kong,19,Less than 1 year,1,0,0,0,0,0,0,1,0,0,1,Financial Independence,Offshore (Binance/OKX/Bybit),5,5,3,3,3,High Fees,1,0,0,0,0,1,0,4,2,Heard of it,Limited Edition NFT,Likely would change perception
R0066,2026-02-19 18:31:56,Hong Kong,33,3+ years,1,1,1,0,0,1,0,0,0,1,0,Technology,DEX (Uniswap/Jupiter),2,4,4,3,3,"Lack of ""Degen"" Culture",0,0,0,0,1,0,0,5,2,Heard of it,Limited Edition NFT,Neutral
R0067,2026-02-19 21:39:48,Hong Kong,20,3+ years,1,1,1,0,0,1,1,1,0,0,0,Speculation (Quick gains),Offshore (Binance/OKX/Bybit),5,3,3,1,1,PI Restrictions,0,0,0,0,1,0,0,6,3,No,Exclusive Airdrop of Trending Tokens,Unlikely to change perception
R0068,2026-02-19 21:50:36,Hong Kong,24,Interested but haven't started,1,1,0,0,0,1,1,0,0,0,0,Financial Independence,DEX (Uniswap/Jupiter),5,4,3,4,3,Complex KYC,1,1,0,1,0,0,0,7,2,Heard of it,Limited Edition NFT,Likely would change perception
R0069,2026-02-20 00:30:19,Hong Kong,20,Less than 1 year,1,0,0,0,0,0,1,0,1,0,0,Speculation (Quick gains),OTC Stores,3,5,3,4,3,High Fees,0,1,0,0,0,0,1,6,3,"Yes, I celebrate it",Exclusive Airdrop of Trending Tokens,Likely would change perception
R0070,2026-02-20 00:42:21,Hong Kong,21,1–3 years,1,0,0,0,0,1,1,1,0,0,0,Financial Independence,Offshore (Binance/OKX/Bybit),4,4,3,5,3,"Lack of ""Degen"" Culture",0,1,1,1,1,0,0,4,1,Heard of it,Limited Edition NFT,Likely would change perception
R0071,2026-02-20 00:52:47,Hong Kong,20,1–3 years,1,1,0,0,0,1,0,0,0,1,1,Financial Independence,Licensed (HashKey/OSL),5,5,4,5,3,"Lack of ""Degen"" Culture",1,0,0,0,0,0,0,5,6,No,Trading Fee Rebates,Unlikely to change perception
R0072,2026-02-20 02:23:08,Hong Kong,21,1–3 years,0,0,0,0,1,1,1,0,1,0,0,Financial Independence,Offshore (Binance/OKX/Bybit),5,4,3,2,3,No USDT Pairs,1,1,0,0,0,1,1,7,2,No,Physical Pizza Party in Central,Neutral
R0073,2026-02-20 05:16:10,Hong Kong,22,Interested but haven't started,0,1,0,0,0,0,1,1,1,0,0,Financial Independence,Offshore (Binance/OKX/Bybit),3,3,5,3,2,"Lack of ""Degen"" Culture",0,0,0,0,0,0,0,6,3,No,Trading Fee Rebates,Likely would change perception
R0074,2026-02-20 07:08:46,Hong Kong,20,Less than 1 year,1,1,1,0,0,1,1,0,0,0,0,Financial Independence,Offshore (Binance/OKX/Bybit),5,4,3,5,3,"Lack of ""Degen"" Culture",0,1,1,1,0,0,0,4,3,No,Exclusive Airdrop of Trending Tokens,Definitely would change perception
R0075,2026-02-20 07:21:45,Hong Kong,28,3+ years,1,0,0,1,0,1,1,0,0,0,0,Technology,Licensed (HashKey/OSL),5,4,5,4,2,"Lack of ""Degen"" Culture",1,0,0,0,0,0,1,5,2,Heard of it,Exclusive Airdrop of Trending Tokens,Unlikely to change perception
R0076,2026-02-20 08:02:27,Hong Kong,23,Interested but haven't started,1,1,0,0,0,1,1,1,0,0,0,Speculation (Quick gains),Offshore (Binance/OKX/Bybit),4,4,5,3,2,Complex KYC,0,1,1,1,0,1,0,6,4,Heard of it,Trading Fee Rebates,Likely would change perception
R0077,2026-02-20 09:32:12,Hong Kong,20,Less than 1 year,1,0,0,0,0,1,1,0,1,0,0,Speculation (Quick gains),Licensed (HashKey/OSL),4,5,4,2,2,High Fees,1,0,1,0,0,0,0,6,4,No,Exclusive Airdrop of Trending Tokens,Definitely would not change perception
R0078,2026-02-20 13:28:41,Hong Kong,19,3+ years,1,1,1,1,0,0,0,0,1,0,0,Community & Narrative,Offshore (Binance/OKX/Bybit),5,2,4,5,3,High Fees,0,0,0,0,0,0,0,5,4,No,Physical Pizza Party in Central,Neutral
R0079,2026-02-20 15:36:07,Hong Kong,21,Less than 1 year,1,1,0,0,0,1,1,1,0,1,0,Speculation (Quick gains),Offshore (Binance/OKX/Bybit),3,4,3,4,5,"Lack of ""Degen"" Culture",0,0,1,0,0,0,0,4,1,Heard of it,Exclusive Airdrop of Trending Tokens,Neutral
R0080,2026-02-20 17:07:42,Hong Kong,19,1–3 years,1,1,0,0,0,1,1,0,1,0,0,Technology,Offshore (Binance/OKX/Bybit),4,3,5,3,5,"Lack of ""Degen"" Culture",0,1,0,1,0,1,0,4,3,Heard of it,Limited Edition NFT,Likely would change perception
R0081,2026-02-20 19:22:55,Hong Kong,33,1–3 years,1,1,0,0,0,0,1,0,0,0,1,Financial Independence,Offshore (Binance/OKX/Bybit),3,4,4,4,4,PI Restrictions,0,0,1,0,1,1,0,4,2,Heard of it,Trading Fee Rebates,Unlikely to change perception
R0082,2026-02-20 23:21:01,Hong Kong,19,Less than 1 year,1,1,0,0,0,0,1,1,1,1,0,Technology,Offshore (Binance/OKX/Bybit),4,5,4,3,3,"Lack of ""Degen"" Culture",0,0,1,1,0,0,0,6,2,"Yes, I celebrate it",Physical Pizza Party in Central,Neutral
R0083,2026-02-21 00:21:08,Hong Kong,22,Interested but haven't started,0,1,0,1,0,1,0,0,0,0,0,Speculation (Quick gains),Offshore (Binance/OKX/Bybit),3,5,3,4,5,"Lack of ""Degen"" Culture",1,0,0,0,1,0,0,3,4,"Yes, I celebrate it",Limited Edition NFT,Likely would change perception
R0084,2026-02-21 01:17:40,Hong Kong,33,3+ years,0,1,0,0,0,1,1,1,0,0,1,Financial Independence,Licensed (HashKey/OSL),4,4,3,3,4,"Lack of ""Degen"" Culture",0,0,0,0,0,0,0,6,3,No,Exclusive Airdrop of Trending Tokens,Neutral
R0085,2026-02-21 05:29:54,Hong Kong,35,3+ years,0,1,1,0,0,0,1,0,0,0,0,Speculation (Quick gains),OTC Stores,5,4,3,4,2,"Lack of ""Degen"" Culture",1,1,0,0,0,0,0,5,1,"Yes, I celebrate it",Exclusive Airdrop of Trending Tokens,Neutral
R0086,2026-02-21 05:59:04,Hong Kong,24,1–3 years,0,0,1,1,0,1,0,0,0,1,1,Financial Independence,Offshore (Binance/OKX/Bybit),4,4,3,3,4,Complex KYC,0,1,1,1,0,0,0,6,4,Heard of it,Trading Fee Rebates,Likely would change perception
R0087,2026-02-21 06:54:37,Hong Kong,34,3+ years,1,1,0,0,0,1,0,1,1,0,0,Speculation (Quick gains),OTC Stores,4,5,3,5,3,"Lack of ""Degen"" Culture",0,1,1,1,0,0,0,7,1,Heard of it,Physical Pizza Party in Central,Neutral
R0088,2026-02-21 06:56:07,Hong Kong,28,1–3 years,1,0,1,0,0,0,1,0,0,0,1,Community & Narrative,Offshore (Binance/OKX/Bybit),4,4,3,2,4,High Fees,1,0,0,1,0,0,0,6,2,Heard of it,Physical Pizza Party in Central,Likely would change perception
R0089,2026-02-21 14:27:08,Hong Kong,19,1–3 years,1,0,0,0,0,0,1,0,0,0,1,Financial Independence,OTC Stores,4,5,3,4,4,No USDT Pairs,0,0,1,1,1,0,0,3,3,No,Exclusive Airdrop of Trending Tokens,Definitely would not change perception
R0090,2026-02-21 15:25:41,Hong Kong,18,Less than 1 year,1,1,1,0,0,1,1,0,1,1,1,Financial Independence,Offshore (Binance/OKX/Bybit),4,5,5,5,3,"Lack of ""Degen"" Culture",1,1,1,1,0,0,0,4,4,Heard of it,Exclusive Airdrop of Trending Tokens,Likely would change perception
R0091,2026-02-21 22:27:20,Hong Kong,20,3+ years,1,0,0,1,0,1,0,1,0,0,0,Financial Independence,Offshore (Binance/OKX/Bybit),5,5,2,3,2,"Lack of ""Degen"" Culture",0,1,1,0,1,1,1,6,2,"Yes, I celebrate it",Trading Fee Rebates,Likely would change perception
R0092,2026-02-21 23:32:09,Hong Kong,19,1–3 years,0,0,0,1,0,1,1,0,0,1,0,Community & Narrative,Offshore (Binance/OKX/Bybit),4,3,4,2,5,"Lack of ""Degen"" Culture",1,0,1,0,1,0,0,4,5,Heard of it,Limited Edition NFT,Likely would change perception
R0093,2026-02-22 05:40:53,Hong Kong,20,1–3 years,0,0,1,1,0,1,1,0,1,0,0,Financial Independence,Offshore (Binance/OKX/Bybit),4,4,4,4,3,"Lack of ""Degen"" Culture",0,1,1,1,0,0,1,6,4,"Yes, I celebrate it",Limited Edition NFT,Neutral
R0094,2026-02-22 05:43:05,Hong Kong,34,1–3 years,1,1,1,0,0,1,1,0,0,1,0,Financial Independence,OTC Stores,5,3,4,3,2,"Lack of ""Degen"" Culture",1,0,0,0,0,0,0,7,2,"Yes, I celebrate it",Exclusive Airdrop of Trending Tokens,Neutral
R0095,2026-02-22 06:22:35,Hong Kong,23,1–3 years,0,0,0,1,0,0,1,0,0,0,0,Speculation (Quick gains),Offshore (Binance/OKX/Bybit),3,4,4,3,1,No USDT Pairs,0,0,0,1,0,0,0,6,3,No,Exclusive Airdrop of Trending Tokens,Unlikely to change perception
R0096,2026-02-22 11:08:40,Hong Kong,25,1–3 years,1,0,0,0,0,1,1,0,0,0,0,Financial Independence,Offshore (Binance/OKX/Bybit),5,3,5,4,2,High Fees,0,1,0,1,0,0,0,5,3,Heard of it,Exclusive Airdrop of Trending Tokens,Neutral
R0097,2026-02-22 12:08:10,Hong Kong,24,Less than 1 year,1,0,1,0,0,0,1,1,0,1,1,Speculation (Quick gains),DEX (Uniswap/Jupiter),5,4,4,4,1,Complex KYC,1,1,0,1,0,0,0,6,3,Heard of it,Exclusive Airdrop of Trending Tokens,Likely would change perception
R0098,2026-02-22 12:40:37,Hong Kong,33,1–3 years,1,1,1,0,0,1,0,0,0,0,0,Speculation (Quick gains),Offshore (Binance/OKX/Bybit),4,3,5,2,5,"Lack of ""Degen"" Culture",1,1,0,0,0,0,0,6,1,Heard of it,Trading Fee Rebates,Unlikely to change perception
R0099,2026-02-22 14:51:17,Hong Kong,27,Less than 1 year,1,0,1,0,0,0,1,0,1,0,0,Speculation (Quick gains),Offshore (Binance/OKX/Bybit),5,4,5,2,4,Complex KYC,0,1,0,0,0,0,0,6,3,Heard of it,Physical Pizza Party in Central,Neutral
R0100,2026-02-22 15:54:55,Hong Kong,24,3+ years,0,1,0,0,0,0,1,0,0,0,1,Speculation (Quick gains),DEX (Uniswap/Jupiter),5,4,5,3,2,High Fees,0,0,0,0,1,0,1,6,2,No,Exclusive Airdrop of Trending Tokens,Definitely would change perception
R0101,2026-02-22 18:40:17,Hong Kong,26,3+ years,0,0,1,0,0,1,1,0,0,0,0,Speculation (Quick gains),DEX (Uniswap/Jupiter),4,4,5,4,5,Complex KYC,0,0,1,1,0,0,0,5,2,Heard of it,Trading Fee Rebates,Neutral
R0102,2026-02-22 19:27:47,Hong Kong,33,3+ years,1,1,0,0,0,1,0,1,1,0,0,Speculation (Quick gains),Offshore (Binance/OKX/Bybit),5,5,4,4,3,"Lack of ""Degen"" Culture",0,0,0,1,0,0,0,4,2,Heard of it,Exclusive Airdrop of Trending Tokens,Neutral
R0103,2026-02-22 22:02:11,Hong Kong,22,1–3 years,0,0,0,0,1,1,1,0,0,0,1,Technology,Offshore (Binance/OKX/Bybit),3,5,4,2,1,High Fees,1,1,0,0,0,0,1,5,3,Heard of it,Exclusive Airdrop of Trending Tokens,Likely would change perception
R0104,2026-02-22 23:14:11,Hong Kong,22,1–3 years,1,1,0,0,0,1,1,1,0,0,0,Speculation (Quick gains),Licensed (HashKey/OSL),2,5,4,4,3,PI Restrictions,0,1,0,0,0,0,0,4,2,"Yes, I celebrate it",Exclusive Airdrop of Trending Tokens,Likely would change perception
R0105,2026-02-22 23:41:38,Hong Kong,23,1–3 years,1,1,1,0,0,1,1,1,0,0,0,Financial Independence,DEX (Uniswap/Jupiter),4,4,3,2,4,No USDT Pairs,0,0,1,1,0,0,0,6,2,No,Trading Fee Rebates,Likely would change perception
R0106,2026-02-23 01:28:19,Hong Kong,31,1–3 years,1,0,0,0,0,1,1,0,1,1,0,Technology,Licensed (HashKey/OSL),4,5,5,4,4,"Lack of ""Degen"" Culture",0,0,0,1,0,0,0,4,4,Heard of it,Exclusive Airdrop of Trending Tokens,Neutral
R0107,2026-02-23 07:35:04,Hong Kong,23,1–3 years,0,1,1,0,0,1,0,0,0,0,0,Speculation (Quick gains),DEX (Uniswap/Jupiter),4,5,4,4,4,High Fees,0,0,0,1,1,0,1,4,5,No,Exclusive Airdrop of Trending Tokens,Likely would change perception
R0108,2026-02-23 10:21:08,Hong Kong,28,1–3 years,0,0,0,0,1,1,1,1,0,0,0,Speculation (Quick gains),Offshore (Binance/OKX/Bybit),4,5,4,3,4,Complex KYC,1,0,1,0,1,0,0,7,1,No,Trading Fee Rebates,Neutral
R0109,2026-02-23 11:31:25,Hong Kong,18,3+ years,1,1,1,0,0,1,1,0,0,0,1,Speculation (Quick gains),Offshore (Binance/OKX/Bybit),4,4,4,3,2,"Lack of ""Degen"" Culture",1,1,0,0,0,0,0,5,2,Heard of it,Exclusive Airdrop of Trending Tokens,Definitely would change perception
R0110,2026-02-23 13:07:24,Hong Kong,20,1–3 years,1,0,1,1,0,0,1,0,1,0,0,Financial Independence,Offshore (Binance/OKX/Bybit),4,4,4,2,2,"Lack of ""Degen"" Culture",1,1,1,1,0,0,1,6,2,"Yes, I celebrate it",Trading Fee Rebates,Definitely would change perception
R0111,2026-02-23 16:22:08,Hong Kong,22,1–3 years,1,0,0,0,0,1,0,1,1,0,0,Financial Independence,DEX (Uniswap/Jupiter),4,4,4,4,5,"Lack of ""Degen"" Culture",0,0,0,0,0,1,0,4,2,No,Trading Fee Rebates,Definitely would change perception
R0112,2026-02-23 16:36:32,Hong Kong,19,1–3 years,1,1,0,1,0,1,1,0,1,1,0,Financial Independence,DEX (Uniswap/Jupiter),5,5,3,4,2,Complex KYC,1,1,1,0,0,0,0,4,4,"Yes, I celebrate it",Trading Fee Rebates,Definitely would change perception
R0113,2026-02-23 18:29:43,Hong Kong,22,Less than 1 year,1,0,0,0,0,1,1,1,1,0,1,Financial Independence,Offshore (Binance/OKX/Bybit),3,3,4,3,2,"Lack of ""Degen"" Culture",0,1,1,0,1,0,0,2,3,"Yes, I celebrate it",Physical Pizza Party in Central,Neutral
R0114,2026-02-23 18:34:34,Hong Kong,33,3+ years,0,1,0,0,0,1,1,1,1,1,0,Financial Independence,Offshore (Binance/OKX/Bybit),4,4,3,3,4,"Lack of ""Degen"" Culture",1,0,0,1,0,0,1,6,4,No,Limited Edition NFT,Neutral
R0115,2026-02-23 20:56:45,Hong Kong,31,Interested but haven't started,0,1,0,1,0,0,0,1,1,1,0,Technology,Offshore (Binance/OKX/Bybit),4,4,3,5,4,Complex KYC,0,1,1,1,0,0,0,5,2,No,Limited Edition NFT,Likely would change perception
R0116,2026-02-23 22:21:58,Hong Kong,29,3+ years,0,0,0,1,0,0,1,0,0,0,0,Speculation (Quick gains),Offshore (Binance/OKX/Bybit),4,3,4,4,5,Complex KYC,0,0,0,0,0,0,1,5,4,No,Trading Fee Rebates,Likely would change perception
R0117,2026-02-24 01:29:12,Hong Kong,29,1–3 years,1,1,0,0,0,0,1,0,1,0,1,Financial Independence,Offshore (Binance/OKX/Bybit),4,5,4,3,2,Complex KYC,1,1,1,1,0,0,0,4,2,No,Physical Pizza Party in Central,Likely would change perception
R0118,2026-02-24 01:51:23,Hong Kong,19,Interested but haven't started,1,0,0,0,0,1,1,1,1,1,0,Speculation (Quick gains),Offshore (Binance/OKX/Bybit),4,5,4,2,5,Complex KYC,1,1,0,0,0,1,0,6,6,Heard of it,Trading Fee Rebates,Likely would change perception
R0119,2026-02-24 02:03:35,Hong Kong,22,1–3 years,0,0,1,0,0,1,1,1,0,1,0,Speculation (Quick gains),Offshore (Binance/OKX/Bybit),4,2,3,2,5,"Lack of ""Degen"" Culture",0,0,0,1,0,0,0,5,2,Heard of it,Trading Fee Rebates,Unlikely to change perception
R0120,2026-02-24 05:13:44,Hong Kong,32,3+ years,1,0,0,0,0,1,1,0,0,0,0,Technology,Offshore (Binance/OKX/Bybit),3,5,3,3,2,High Fees,0,0,0,0,0,0,0,7,3,Heard of it,Trading Fee Rebates,Definitely would not change perception
R0121,2026-02-24 06:29:13,Hong Kong,22,1–3 years,1,1,1,0,0,1,1,1,0,1,0,Financial Independence,Offshore (Binance/OKX/Bybit),5,5,4,3,2,Complex KYC,0,1,0,0,0,1,0,5,1,Heard of it,Physical Pizza Party in Central,Neutral
R0122,2026-02-24 07:41:36,Hong Kong,25,1–3 years,1,1,1,0,0,0,1,0,0,1,1,Technology,Offshore (Binance/OKX/Bybit),3,3,5,4,3,High Fees,0,0,0,0,1,1,1,7,3,Heard of it,Trading Fee Rebates,Likely would change perception
R0123,2026-02-24 15:38:36,Hong Kong,35,1–3 years,0,0,1,0,0,0,1,0,1,0,0,Financial Independence,Offshore (Binance/OKX/Bybit),3,3,3,4,3,No USDT Pairs,1,1,0,0,0,0,0,6,2,Heard of it,Physical Pizza Party in Central,Neutral
R0124,2026-02-24 18:01:21,Hong Kong,18,1–3 years,1,1,0,1,0,1,0,1,0,0,0,Technology,Offshore (Binance/OKX/Bybit),3,4,5,4,4,High Fees,1,0,1,1,0,0,0,5,6,Heard of it,Trading Fee Rebates,Neutral
R0125,2026-02-24 22:06:28,Hong Kong,22,1–3 years,1,0,0,0,0,0,0,0,0,1,1,Speculation (Quick gains),Licensed (HashKey/OSL),4,5,4,3,3,"Lack of ""Degen"" Culture",1,0,1,0,1,0,0,7,3,No,Exclusive Airdrop of Trending Tokens,Likely would change perception
R0126,2026-02-24 23:07:20,Hong Kong,21,1–3 years,1,0,0,1,0,1,0,0,1,0,0,Financial Independence,Offshore (Binance/OKX/Bybit),5,3,4,2,4,"Lack of ""Degen"" Culture",1,0,1,1,1,0,0,5,2,No,Physical Pizza Party in Central,Likely would change perception
R0127,2026-02-25 05:47:38,Hong Kong,23,1–3 years,1,1,0,0,0,1,0,1,0,0,0,Speculation (Quick gains),DEX (Uniswap/Jupiter),5,4,4,3,1,High Fees,1,0,1,0,1,0,0,7,4,"Yes, I celebrate it",Physical Pizza Party in Central,Definitely would change perception
R0128,2026-02-25 07:30:33,Hong Kong,31,1–3 years,0,1,1,0,0,1,1,0,1,0,0,Speculation (Quick gains),OTC Stores,3,5,5,1,2,"Lack of ""Degen"" Culture",1,1,1,0,0,0,0,7,2,Heard of it,Trading Fee Rebates,Unlikely to change perception
R0129,2026-02-25 08:17:36,Hong Kong,18,3+ years,1,1,0,0,0,1,0,1,0,0,0,Financial Independence,OTC Stores,4,5,4,3,5,Complex KYC,1,1,0,0,0,0,0,6,1,No,Exclusive Airdrop of Trending Tokens,Neutral
R0130,2026-02-25 09:03:25,Hong Kong,24,Less than 1 year,1,1,0,0,0,1,1,0,1,0,0,Community & Narrative,Licensed (HashKey/OSL),5,4,3,5,2,"Lack of ""Degen"" Culture",1,0,1,0,0,0,0,6,2,Heard of it,Physical Pizza Party in Central,Neutral
R0131,2026-02-25 12:44:33,Hong Kong,28,1–3 years,1,0,0,0,0,1,1,1,0,0,1,Speculation (Quick gains),Offshore (Binance/OKX/Bybit),4,3,4,4,4,Complex KYC,0,0,1,0,0,1,0,5,2,No,Exclusive Airdrop of Trending Tokens,Neutral
R0132,2026-02-25 13:05:49,Hong Kong,24,1–3 years,0,0,1,1,0,1,1,0,1,0,0,Technology,Offshore (Binance/OKX/Bybit),2,4,4,3,3,"Lack of ""Degen"" Culture",1,0,0,0,0,1,0,6,3,No,Exclusive Airdrop of Trending Tokens,Unlikely to change perception
R0133,2026-02-25 13:38:07,Hong Kong,20,3+ years,0,0,1,0,0,1,1,1,1,1,0,Technology,Offshore (Binance/OKX/Bybit),4,3,4,4,2,"Lack of ""Degen"" Culture",0,1,0,1,0,0,0,6,2,Heard of it,Trading Fee Rebates,Neutral
R0134,2026-02-25 13:48:11,Hong Kong,19,Less than 1 year,1,0,1,0,0,1,1,1,0,1,0,Speculation (Quick gains),Offshore (Binance/OKX/Bybit),4,4,2,3,2,"Lack of ""Degen"" Culture",1,0,0,0,0,0,0,6,1,No,Exclusive Airdrop of Trending Tokens,Neutral
R0135,2026-02-25 14:43:28,Hong Kong,24,3+ years,1,1,0,1,0,1,1,1,0,1,0,Financial Independence,Offshore (Binance/OKX/Bybit),4,4,4,3,4,Complex KYC,1,1,1,0,0,0,0,5,3,Heard of it,Trading Fee Rebates,Likely would change perception
R0136,2026-02-25 16:23:07,Hong Kong,26,1–3 years,1,1,0,1,0,1,1,1,1,0,0,Financial Independence,Offshore (Binance/OKX/Bybit),5,4,4,3,3,Complex KYC,0,1,1,0,0,1,0,4,3,Heard of it,Physical Pizza Party in Central,Definitely would change perception
R0137,2026-02-25 20:21:00,Hong Kong,23,3+ years,0,0,1,1,0,1,0,1,0,0,0,Financial Independence,Offshore (Binance/OKX/Bybit),5,4,4,5,2,No USDT Pairs,0,1,0,1,0,0,0,5,4,"Yes, I celebrate it",Physical Pizza Party in Central,Likely would change perception
R0138,2026-02-25 20:30:41,Hong Kong,21,1–3 years,0,0,0,0,1,0,1,1,0,0,0,Financial Independence,Licensed (HashKey/OSL),5,4,4,4,4,"Lack of ""Degen"" Culture",0,0,0,1,0,0,0,6,3,No,Exclusive Airdrop of Trending Tokens,Neutral
R0139,2026-02-25 22:01:49,Hong Kong,20,1–3 years,0,0,1,0,0,1,1,1,0,0,0,Speculation (Quick gains),Licensed (HashKey/OSL),5,4,4,3,5,"Lack of ""Degen"" Culture",0,1,0,1,1,0,0,5,2,Heard of it,Limited Edition NFT,Definitely would not change perception
R0140,2026-02-25 23:06:26,Hong Kong,22,Interested but haven't started,1,0,0,0,0,1,1,1,0,0,0,Speculation (Quick gains),DEX (Uniswap/Jupiter),4,5,3,4,3,High Fees,0,1,1,0,0,0,0,7,2,Heard of it,Trading Fee Rebates,Neutral
R0141,2026-02-26 01:24:55,Hong Kong,20,Less than 1 year,1,0,0,0,0,1,1,0,0,0,0,Speculation (Quick gains),OTC Stores,5,5,3,3,5,No USDT Pairs,1,0,0,0,0,0,0,4,4,"Yes, I celebrate it",Limited Edition NFT,Definitely would not change perception
R0142,2026-02-26 06:00:26,Hong Kong,30,Less than 1 year,0,0,0,0,1,1,1,0,0,1,0,Financial Independence,Offshore (Binance/OKX/Bybit),4,3,2,4,4,High Fees,1,1,1,0,0,0,0,4,5,No,Limited Edition NFT,Neutral
R0143,2026-02-26 07:02:03,Hong Kong,25,3+ years,1,0,0,0,0,1,1,0,0,1,0,Financial Independence,Offshore (Binance/OKX/Bybit),5,3,4,3,3,"Lack of ""Degen"" Culture",1,0,0,0,1,0,0,5,1,No,Exclusive Airdrop of Trending Tokens,Unlikely to change perception
R0144,2026-02-26 08:56:37,Hong Kong,24,3+ years,1,0,0,0,0,1,1,0,0,0,1,Financial Independence,OTC Stores,5,5,4,4,3,Complex KYC,1,1,0,0,0,1,0,5,3,"Yes, I celebrate it",Exclusive Airdrop of Trending Tokens,Definitely would change perception
R0145,2026-02-26 09:55:56,Hong Kong,22,3+ years,1,0,0,1,0,1,0,1,0,0,0,Financial Independence,DEX (Uniswap/Jupiter),5,4,3,3,4,"Lack of ""Degen"" Culture",1,0,0,1,0,0,0,2,1,No,Trading Fee Rebates,Likely would change perception
R0146,2026-02-26 10:40:52,Hong Kong,23,3+ years,0,0,1,0,0,0,1,1,1,0,0,Financial Independence,DEX (Uniswap/Jupiter),5,5,4,3,2,"Lack of ""Degen"" Culture",1,1,0,0,0,0,0,6,2,"Yes, I celebrate it",Exclusive Airdrop of Trending Tokens,Likely would change perception
R0147,2026-02-26 14:57:27,Hong Kong,24,1–3 years,1,1,0,0,0,1,1,0,0,0,0,Speculation (Quick gains),OTC Stores,4,5,3,4,5,"Lack of ""Degen"" Culture",1,1,0,1,0,0,1,5,3,Heard of it,Exclusive Airdrop of Trending Tokens,Neutral
R0148,2026-02-26 15:14:48,Hong Kong,32,Interested but haven't started,0,0,1,0,0,0,1,1,0,0,0,Financial Independence,Offshore (Binance/OKX/Bybit),4,5,5,4,4,"Lack of ""Degen"" Culture",0,0,1,1,0,0,0,2,2,No,Exclusive Airdrop of Trending Tokens,Likely would change perception
R0149,2026-02-26 16:45:16,Hong Kong,23,Less than 1 year,1,0,0,0,0,1,1,1,0,0,0,Community & Narrative,Licensed (HashKey/OSL),3,4,5,3,3,Complex KYC,0,1,0,1,0,0,0,6,4,"Yes, I celebrate it",Trading Fee Rebates,Definitely would not change perception
R0150,2026-02-26 17:54:30,Hong Kong,32,1–3 years,0,0,0,0,1,0,0,1,1,1,1,Financial Independence,Offshore (Binance/OKX/Bybit),3,5,4,4,3,Complex KYC,0,0,1,0,0,0,0,4,3,No,Physical Pizza Party in Central,Neutral
R0151,2026-02-26 23:55:31,Hong Kong,26,Less than 1 year,0,1,0,0,0,1,1,0,1,1,0,Speculation (Quick gains),Offshore (Binance/OKX/Bybit),4,4,3,2,4,"Lack of ""Degen"" Culture",0,1,1,1,1,0,0,7,2,Heard of it,Trading Fee Rebates,Likely would change perception
R0152,2026-02-27 00:02:43,Hong Kong,26,3+ years,1,0,0,0,0,1,1,1,1,0,0,Technology,DEX (Uniswap/Jupiter),5,4,4,5,3,"Lack of ""Degen"" Culture",0,1,1,0,0,0,1,6,1,Heard of it,Exclusive Airdrop of Trending Tokens,Definitely would not change perception
R0153,2026-02-27 00:09:07,Hong Kong,25,3+ years,1,1,1,0,0,1,1,1,0,0,0,Speculation (Quick gains),Offshore (Binance/OKX/Bybit),4,5,5,5,3,High Fees,0,0,0,0,0,0,0,6,3,Heard of it,Physical Pizza Party in Central,Definitely would change perception
R0154,2026-02-27 01:18:08,Hong Kong,33,1–3 years,1,1,0,0,0,0,1,1,0,0,0,Speculation (Quick gains),Offshore (Binance/OKX/Bybit),4,4,4,4,4,High Fees,0,1,0,1,1,0,0,5,3,No,Trading Fee Rebates,Likely would change perception
R0155,2026-02-27 02:27:08,Hong Kong,21,Less than 1 year,0,1,1,0,0,0,1,0,0,1,0,Community & Narrative,Offshore (Binance/OKX/Bybit),4,5,3,4,3,Complex KYC,1,0,1,0,0,0,0,3,1,No,Trading Fee Rebates,Neutral
R0156,2026-02-27 02:41:48,Hong Kong,18,Less than 1 year,1,1,1,0,0,0,0,1,0,0,1,Financial Independence,Offshore (Binance/OKX/Bybit),4,4,3,5,1,"Lack of ""Degen"" Culture",0,1,0,1,0,0,1,4,3,Heard of it,Exclusive Airdrop of Trending Tokens,Likely would change perception
R0157,2026-02-27 03:32:02,Hong Kong,33,3+ years,0,1,0,0,0,1,0,0,1,0,0,Speculation (Quick gains),Offshore (Binance/OKX/Bybit),5,4,2,2,5,Complex KYC,0,1,1,1,1,1,1,5,3,Heard of it,Physical Pizza Party in Central,Definitely would not change perception
R0158,2026-02-27 05:32:12,Hong Kong,21,1–3 years,1,0,0,0,0,0,1,1,0,0,0,Financial Independence,DEX (Uniswap/Jupiter),5,4,4,4,3,Complex KYC,1,1,1,0,0,0,0,6,5,No,Exclusive Airdrop of Trending Tokens,Likely would change perception
R0159,2026-02-27 08:40:12,Hong Kong,29,Less than 1 year,1,1,1,0,0,0,1,0,1,0,0,Technology,Offshore (Binance/OKX/Bybit),4,2,5,3,2,"Lack of ""Degen"" Culture",1,1,1,0,0,0,1,5,4,Heard of it,Limited Edition NFT,Unlikely to change perception
R0160,2026-02-27 09:35:07,Hong Kong,20,Less than 1 year,0,1,0,0,0,1,1,0,1,0,0,Speculation (Quick gains),Offshore (Binance/OKX/Bybit),5,3,3,3,3,Complex KYC,1,0,0,0,1,0,0,6,2,Heard of it,Exclusive Airdrop of Trending Tokens,Likely would change perception
R0161,2026-02-27 10:01:38,Hong Kong,18,Less than 1 year,1,0,0,1,0,1,1,1,0,0,0,Speculation (Quick gains),DEX (Uniswap/Jupiter),4,4,2,3,3,High Fees,1,0,0,1,0,1,0,7,3,"Yes, I celebrate it",Limited Edition NFT,Likely would change perception
R0162,2026-02-27 10:27:10,Hong Kong,28,Less than 1 year,1,0,0,0,0,1,0,1,1,0,0,Financial Independence,Offshore (Binance/OKX/Bybit),5,4,5,3,3,"Lack of ""Degen"" Culture",1,0,0,0,0,0,0,6,4,Heard of it,Exclusive Airdrop of Trending Tokens,Neutral
R0163,2026-02-27 10:39:19,Hong Kong,23,3+ years,1,1,1,1,0,1,1,0,1,0,0,Financial Independence,Licensed (HashKey/OSL),4,5,4,1,3,Complex KYC,0,0,0,0,0,0,0,5,3,"Yes, I celebrate it",Exclusive Airdrop of Trending Tokens,Likely would change perception
R0164,2026-02-27 11:41:30,Hong Kong,20,1–3 years,0,0,1,1,0,1,0,0,0,0,1,Financial Independence,Offshore (Binance/OKX/Bybit),5,4,4,5,5,Complex KYC,0,0,1,1,0,0,0,7,2,No,Exclusive Airdrop of Trending Tokens,Likely would change perception
R0165,2026-02-27 12:39:19,Hong Kong,26,1–3 years,1,1,0,0,0,1,1,0,1,0,1,Speculation (Quick gains),Licensed (HashKey/OSL),4,3,3,2,1,High Fees,1,0,1,0,0,0,1,4,5,Heard of it,Trading Fee Rebates,Likely would change perception
R0166,2026-02-27 14:59:29,Hong Kong,23,1–3 years,0,1,0,0,0,1,0,0,0,1,1,Financial Independence,Offshore (Binance/OKX/Bybit),4,5,5,3,3,No USDT Pairs,1,1,1,1,1,0,0,6,1,No,Exclusive Airdrop of Trending Tokens,Unlikely to change perception
R0167,2026-02-27 15:07:28,Hong Kong,27,1–3 years,1,0,1,0,0,1,1,1,1,0,0,Speculation (Quick gains),Offshore (Binance/OKX/Bybit),3,3,5,4,3,"Lack of ""Degen"" Culture",0,0,1,1,0,0,0,4,5,Heard of it,Physical Pizza Party in Central,Neutral
R0168,2026-02-27 16:20:54,Hong Kong,23,3+ years,1,1,1,0,0,1,1,0,1,1,0,Financial Independence,Offshore (Binance/OKX/Bybit),4,4,5,3,4,"Lack of ""Degen"" Culture",1,1,1,0,0,0,0,5,2,No,Limited Edition NFT,Neutral
R0169,2026-02-27 17:24:44,Hong Kong,35,Less than 1 year,1,1,1,0,0,1,1,1,0,0,1,Financial Independence,Licensed (HashKey/OSL),5,4,4,5,4,"Lack of ""Degen"" Culture",0,1,1,0,0,0,0,6,1,Heard of it,Physical Pizza Party in Central,Definitely would not change perception
R0170,2026-02-27 19:05:17,Hong Kong,21,3+ years,1,1,0,0,0,0,1,1,0,1,1,Financial Independence,Offshore (Binance/OKX/Bybit),5,3,2,3,3,Complex KYC,1,0,0,0,0,1,0,5,2,No,Physical Pizza Party in Central,Likely would change perception
R0171,2026-02-27 19:09:44,Hong Kong,23,1–3 years,1,0,1,0,0,1,0,0,0,1,0,Technology,Offshore (Binance/OKX/Bybit),3,2,4,2,4,Complex KYC,1,1,0,1,0,0,0,7,2,Heard of it,Exclusive Airdrop of Trending Tokens,Likely would change perception
R0172,2026-02-27 19:49:09,Hong Kong,34,1–3 years,1,1,0,1,0,1,1,0,1,0,0,Speculation (Quick gains),Offshore (Binance/OKX/Bybit),4,5,5,4,2,"Lack of ""Degen"" Culture",0,1,1,1,0,1,0,4,3,No,Physical Pizza Party in Central,Likely would change perception
R0173,2026-02-27 22:15:16,Hong Kong,20,Interested but haven't started,0,1,0,0,0,1,1,1,1,0,0,Financial Independence,Licensed (HashKey/OSL),3,4,5,4,3,High Fees,1,0,0,1,1,1,0,4,3,No,Trading Fee Rebates,Definitely would change perception
R0174,2026-02-27 22:35:31,Hong Kong,23,1–3 years,0,0,0,1,0,1,1,0,1,0,0,Financial Independence,Offshore (Binance/OKX/Bybit),3,4,4,4,3,No USDT Pairs,0,0,0,1,0,1,0,5,3,Heard of it,Physical Pizza Party in Central,Likely would change perception
R0175,2026-02-28 04:01:23,Hong Kong,26,3+ years,0,0,1,1,0,1,1,1,0,0,0,Speculation (Quick gains),Offshore (Binance/OKX/Bybit),4,5,4,5,4,No USDT Pairs,1,1,1,1,1,0,0,7,3,Heard of it,Exclusive Airdrop of Trending Tokens,Neutral
R0176,2026-02-28 04:21:02,Hong Kong,24,1–3 years,1,0,1,0,0,1,1,0,0,1,0,Financial Independence,OTC Stores,5,4,4,3,4,"Lack of ""Degen"" Culture",1,1,0,0,1,1,1,6,2,Heard of it,Exclusive Airdrop of Trending Tokens,Likely would change perception
R0177,2026-02-28 09:23:42,Hong Kong,20,1–3 years,0,0,0,0,1,0,0,1,1,0,1,Community & Narrative,Offshore (Binance/OKX/Bybit),5,3,3,3,2,"Lack of ""Degen"" Culture",0,0,1,1,0,0,0,6,3,Heard of it,Exclusive Airdrop of Trending Tokens,Neutral
R0178,2026-02-28 11:05:19,Hong Kong,28,3+ years,1,1,0,0,0,1,1,0,0,0,0,Financial Independence,Offshore (Binance/OKX/Bybit),4,5,5,3,3,"Lack of ""Degen"" Culture",0,0,0,1,1,0,0,6,2,No,Physical Pizza Party in Central,Definitely would change perception
R0179,2026-02-28 13:22:50,Hong Kong,19,Less than 1 year,0,1,1,1,0,0,1,1,0,1,0,Speculation (Quick gains),Offshore (Binance/OKX/Bybit),3,4,3,3,4,High Fees,0,1,0,0,1,0,0,6,4,Heard of it,Trading Fee Rebates,Neutral
R0180,2026-02-28 15:49:40,Hong Kong,24,Less than 1 year,1,0,1,0,0,1,1,1,0,1,0,Financial Independence,Licensed (HashKey/OSL),3,5,5,3,3,Complex KYC,1,1,0,0,0,0,0,7,3,Heard of it,Limited Edition NFT,Definitely would not change perception
R0181,2026-02-28 15:53:25,Hong Kong,33,Less than 1 year,1,0,0,0,0,1,1,0,1,1,0,Financial Independence,Offshore (Binance/OKX/Bybit),5,5,5,5,2,"Lack of ""Degen"" Culture",1,0,0,1,0,0,0,4,3,Heard of it,Exclusive Airdrop of Trending Tokens,Unlikely to change perception
R0182,2026-02-28 19:06:11,Hong Kong,20,3+ years,1,1,0,0,0,0,0,0,1,1,0,Financial Independence,Offshore (Binance/OKX/Bybit),4,5,4,4,3,"Lack of ""Degen"" Culture",1,1,0,1,0,0,1,4,3,Heard of it,Physical Pizza Party in Central,Likely would change perception
R0183,2026-02-28 19:37:22,Hong Kong,26,Less than 1 year,1,1,0,0,0,1,1,0,0,1,0,Financial Independence,Offshore (Binance/OKX/Bybit),5,4,4,4,2,High Fees,1,0,0,1,0,0,0,6,1,"Yes, I celebrate it",Exclusive Airdrop of Trending Tokens,Neutral
R0184,2026-02-28 23:26:56,Hong Kong,19,Less than 1 year,1,1,1,0,0,0,0,0,0,0,1,Financial Independence,Offshore (Binance/OKX/Bybit),5,4,5,3,3,Complex KYC,1,0,1,0,1,0,0,5,3,Heard of it,Exclusive Airdrop of Trending Tokens,Neutral
R0185,2026-03-01 00:17:07,Hong Kong,32,Less than 1 year,0,1,1,0,0,1,0,1,0,1,0,Financial Independence,Offshore (Binance/OKX/Bybit),3,3,3,4,4,Complex KYC,0,0,0,1,0,0,0,5,4,Heard of it,Trading Fee Rebates,Neutral
R0186,2026-03-01 03:53:02,Hong Kong,18,Less than 1 year,1,1,0,0,0,0,1,0,0,0,1,Technology,Offshore (Binance/OKX/Bybit),4,4,4,5,4,High Fees,1,0,1,1,1,0,0,5,5,Heard of it,Exclusive Airdrop of Trending Tokens,Neutral
R0187,2026-03-01 03:56:39,Hong Kong,29,1–3 years,1,1,0,1,0,0,1,0,0,0,0,Speculation (Quick gains),Offshore (Binance/OKX/Bybit),5,4,3,4,4,No USDT Pairs,0,1,1,0,1,1,0,6,1,Heard of it,Exclusive Airdrop of Trending Tokens,Neutral
R0188,2026-03-01 07:38:22,Hong Kong,23,3+ years,1,0,0,0,0,0,1,1,1,0,0,Technology,Licensed (HashKey/OSL),3,3,4,4,5,PI Restrictions,1,0,1,0,1,0,0,3,5,Heard of it,Exclusive Airdrop of Trending Tokens,Likely would change perception
R0189,2026-03-01 08:17:15,Hong Kong,28,1–3 years,0,0,0,0,1,1,0,0,0,0,1,Financial Independence,OTC Stores,5,2,4,2,3,Complex KYC,0,0,0,0,0,0,0,4,1,No,Trading Fee Rebates,Definitely would change perception
R0190,2026-03-01 14:44:11,Hong Kong,28,1–3 years,0,0,0,0,1,0,1,1,0,0,0,Technology,OTC Stores,5,3,4,2,4,"Lack of ""Degen"" Culture",0,1,0,0,1,0,1,7,4,No,Physical Pizza Party in Central,Neutral
R0191,2026-03-01 16:48:52,Hong Kong,27,Less than 1 year,1,1,0,0,0,0,0,1,0,1,0,Financial Independence,DEX (Uniswap/Jupiter),3,4,5,4,4,"Lack of ""Degen"" Culture",0,0,0,1,0,1,0,5,1,Heard of it,Trading Fee Rebates,Neutral
R0192,2026-03-01 17:48:57,Hong Kong,22,Less than 1 year,1,1,0,0,0,1,0,1,0,0,1,Speculation (Quick gains),Offshore (Binance/OKX/Bybit),4,4,5,3,2,"Lack of ""Degen"" Culture",1,0,1,0,0,0,0,4,1,No,Trading Fee Rebates,Likely would change perception
R0193,2026-03-01 21:58:46,Hong Kong,18,3+ years,1,0,0,1,0,1,0,1,0,1,1,Financial Independence,Offshore (Binance/OKX/Bybit),3,3,5,5,2,"Lack of ""Degen"" Culture",0,0,1,1,0,0,1,5,1,"Yes, I celebrate it",Limited Edition NFT,Neutral
R0194,2026-03-02 01:43:26,Hong Kong,21,1–3 years,0,1,1,0,0,1,0,1,1,0,0,Financial Independence,Offshore (Binance/OKX/Bybit),4,3,4,4,1,No USDT Pairs,0,1,1,1,0,0,0,5,3,Heard of it,Exclusive Airdrop of Trending Tokens,Unlikely to change perception
R0195,2026-03-02 02:47:59,Hong Kong,32,1–3 years,1,0,0,0,0,1,1,0,0,0,1,Speculation (Quick gains),DEX (Uniswap/Jupiter),5,4,3,3,3,Complex KYC,1,0,0,1,0,0,0,5,1,No,Exclusive Airdrop of Trending Tokens,Neutral
R0196,2026-03-02 09:20:01,Hong Kong,28,3+ years,0,0,1,0,0,0,1,0,0,1,1,Speculation (Quick gains),Offshore (Binance/OKX/Bybit),4,4,4,4,3,PI Restrictions,1,0,1,0,0,1,1,6,5,Heard of it,Exclusive Airdrop of Trending Tokens,Definitely would not change perception
R0197,2026-03-02 09:51:11,Hong Kong,27,Less than 1 year,1,1,0,0,0,0,1,1,0,1,0,Financial Independence,Offshore (Binance/OKX/Bybit),4,4,3,2,1,No USDT Pairs,0,1,0,1,0,0,0,4,4,Heard of it,Trading Fee Rebates,Likely would change perception
R0198,2026-03-02 11:25:28,Hong Kong,26,1–3 years,1,1,0,0,0,1,1,0,0,0,0,Financial Independence,Offshore (Binance/OKX/Bybit),5,4,3,4,4,High Fees,1,0,0,0,0,0,0,6,3,Heard of it,Exclusive Airdrop of Trending Tokens,Likely would change perception
R0199,2026-03-02 11:56:16,Hong Kong,24,1–3 years,0,0,0,0,1,0,1,0,1,0,0,Financial Independence,Offshore (Binance/OKX/Bybit),3,4,5,4,5,Complex KYC,0,0,1,1,0,0,0,5,3,No,Exclusive Airdrop of Trending Tokens,Likely would change perception
R0200,2026-03-02 13:56:33,Hong Kong,32,1–3 years,1,1,0,1,0,0,0,0,0,0,0,Speculation (Quick gains),Offshore (Binance/OKX/Bybit),4,4,5,3,3,No USDT Pairs,1,1,1,1,0,0,0,7,1,No,Limited Edition NFT,Likely would change perception
R0201,2026-03-02 14:15:39,Hong Kong,18,Less than 1 year,1,0,0,0,0,0,1,0,1,0,1,Financial Independence,Licensed (HashKey/OSL),5,3,3,4,2,"Lack of ""Degen"" Culture",1,1,1,0,0,0,0,7,2,Heard of it,Exclusive Airdrop of Trending Tokens,Unlikely to change perception
R0202,2026-03-02 17:41:28,Hong Kong,18,1–3 years,1,1,1,1,0,1,1,0,0,1,1,Community & Narrative,Offshore (Binance/OKX/Bybit),4,4,4,3,3,High Fees,0,1,1,1,0,0,0,6,1,Heard of it,Limited Edition NFT,Neutral
R0203,2026-03-02 19:44:50,Hong Kong,19,Less than 1 year,1,1,0,1,0,1,1,1,1,1,0,Financial Independence,DEX (Uniswap/Jupiter),4,4,5,1,4,Complex KYC,0,0,1,1,0,1,0,6,2,No,Exclusive Airdrop of Trending Tokens,Neutral
R0204,2026-03-02 20:59:03,Hong Kong,24,1–3 years,1,0,0,0,0,1,1,0,1,0,0,Community & Narrative,Offshore (Binance/OKX/Bybit),5,3,4,4,4,"Lack of ""Degen"" Culture",1,0,1,0,0,0,0,5,1,"Yes, I celebrate it",Limited Edition NFT,Likely would change perception
R0205,2026-03-02 21:04:59,Hong Kong,30,3+ years,1,0,1,0,0,1,0,0,0,1,1,Financial Independence,Licensed (HashKey/OSL),4,3,4,3,3,No USDT Pairs,1,0,0,0,1,1,0,5,5,No,Exclusive Airdrop of Trending Tokens,Likely would change perception
R0206,2026-03-02 23:43:10,Hong Kong,20,Interested but haven't started,1,0,0,0,0,1,1,1,0,0,0,Technology,Licensed (HashKey/OSL),3,3,3,4,1,High Fees,0,1,1,0,0,0,0,6,1,No,Exclusive Airdrop of Trending Tokens,Likely would change perception
R0207,2026-03-03 03:29:34,Hong Kong,32,Less than 1 year,1,0,1,0,0,1,0,1,1,0,0,Speculation (Quick gains),OTC Stores,5,4,4,2,4,"Lack of ""Degen"" Culture",1,1,0,1,1,0,0,4,4,"Yes, I celebrate it",Trading Fee Rebates,Neutral
R0208,2026-03-03 03:44:38,Hong Kong,33,1–3 years,1,0,1,0,0,0,0,0,0,0,0,Speculation (Quick gains),DEX (Uniswap/Jupiter),5,5,3,3,4,"Lack of ""Degen"" Culture",0,0,1,1,1,0,0,5,3,Heard of it,Trading Fee Rebates,Unlikely to change perception
R0209,2026-03-03 08:35:23,Hong Kong,32,Less than 1 year,1,0,1,0,0,1,1,1,0,0,1,Technology,DEX (Uniswap/Jupiter),5,5,4,4,4,High Fees,1,1,1,1,0,1,0,5,4,Heard of it,Trading Fee Rebates,Likely would change perception
R0210,2026-03-03 11:06:29,Hong Kong,32,Interested but haven't started,1,1,0,0,0,1,0,0,0,1,0,Technology,Offshore (Binance/OKX/Bybit),3,4,3,3,1,"Lack of ""Degen"" Culture",0,1,0,0,0,0,0,5,5,"Yes, I celebrate it",Trading Fee Rebates,Unlikely to change perception
R0211,2026-03-03 13:41:43,Hong Kong,29,3+ years,1,0,0,0,0,0,1,0,0,1,0,Speculation (Quick gains),Offshore (Binance/OKX/Bybit),4,4,4,5,5,"Lack of ""Degen"" Culture",1,1,0,1,1,0,0,6,2,No,Exclusive Airdrop of Trending Tokens,Likely would change perception
R0212,2026-03-03 18:29:15,Hong Kong,27,Interested but haven't started,1,1,0,0,0,1,1,1,0,0,0,Financial Independence,Offshore (Binance/OKX/Bybit),4,3,4,2,5,"Lack of ""Degen"" Culture",0,0,0,1,0,0,0,5,3,Heard of it,Exclusive Airdrop of Trending Tokens,Definitely would change perception
R0213,2026-03-03 18:34:34,Hong Kong,24,3+ years,0,1,0,0,0,0,1,0,0,0,0,Community & Narrative,Offshore (Binance/OKX/Bybit),5,3,4,3,2,High Fees,1,0,1,0,0,0,0,5,2,No,Exclusive Airdrop of Trending Tokens,Likely would change perception
R0214,2026-03-03 19:21:44,Hong Kong,23,1–3 years,1,1,0,1,0,1,1,0,0,0,0,Speculation (Quick gains),Offshore (Binance/OKX/Bybit),4,5,4,4,2,Complex KYC,0,1,1,0,0,0,0,5,3,Heard of it,Trading Fee Rebates,Definitely would change perception
R0215,2026-03-03 20:32:04,Hong Kong,27,1–3 years,1,0,1,0,0,0,0,1,0,0,0,Speculation (Quick gains),OTC Stores,4,4,5,4,4,"Lack of ""Degen"" Culture",1,0,1,0,0,0,0,6,4,Heard of it,Exclusive Airdrop of Trending Tokens,Unlikely to change perception
R0216,2026-03-03 20:58:39,Hong Kong,20,3+ years,1,1,1,1,0,1,0,0,1,0,1,Financial Independence,Offshore (Binance/OKX/Bybit),3,4,5,2,2,PI Restrictions,0,0,1,0,0,0,1,4,3,"Yes, I celebrate it",Limited Edition NFT,Unlikely to change perception
R0217,2026-03-03 23:26:20,Hong Kong,31,Less than 1 year,1,1,0,0,0,1,1,1,1,1,0,Speculation (Quick gains),Offshore (Binance/OKX/Bybit),5,4,3,5,3,"Lack of ""Degen"" Culture",1,0,0,0,0,0,0,4,5,No,Exclusive Airdrop of Trending Tokens,Likely would change perception
R0218,2026-03-04 04:06:58,Hong Kong,22,Less than 1 year,1,1,1,0,0,1,1,1,0,1,1,Speculation (Quick gains),OTC Stores,4,5,4,3,4,Complex KYC,0,1,0,0,0,0,0,5,4,Heard of it,Physical Pizza Party in Central,Definitely would not change perception
R0219,2026-03-04 07:42:09,Hong Kong,20,Interested but haven't started,1,0,0,0,0,0,1,0,0,1,0,Technology,Offshore (Binance/OKX/Bybit),4,4,3,3,4,High Fees,0,1,1,1,1,0,1,4,3,"Yes, I celebrate it",Trading Fee Rebates,Neutral
R0220,2026-03-04 08:50:27,Hong Kong,22,3+ years,0,0,0,0,1,1,1,1,1,0,0,Community & Narrative,Offshore (Binance/OKX/Bybit),5,5,3,4,4,PI Restrictions,0,1,1,1,0,0,0,5,1,Heard of it,Trading Fee Rebates,Neutral
R0221,2026-03-04 12:50:37,Hong Kong,22,3+ years,1,0,1,1,0,0,1,0,1,0,0,Financial Independence,Licensed (HashKey/OSL),5,3,5,2,4,"Lack of ""Degen"" Culture",0,0,1,0,0,0,0,5,4,Heard of it,Trading Fee Rebates,Neutral
R0222,2026-03-04 14:01:23,Hong Kong,28,1–3 years,1,1,0,0,0,0,0,0,0,0,1,Financial Independence,Offshore (Binance/OKX/Bybit),4,5,4,4,2,Complex KYC,0,0,0,0,0,1,0,7,3,Heard of it,Exclusive Airdrop of Trending Tokens,Unlikely to change perception
R0223,2026-03-04 15:33:37,Hong Kong,30,3+ years,1,0,1,0,0,0,1,0,0,0,1,Speculation (Quick gains),Offshore (Binance/OKX/Bybit),3,3,4,5,2,High Fees,1,0,0,0,0,0,0,4,2,No,Exclusive Airdrop of Trending Tokens,Definitely would not change perception
R0224,2026-03-04 16:04:45,Hong Kong,20,Less than 1 year,0,0,0,0,1,1,0,0,0,0,0,Speculation (Quick gains),DEX (Uniswap/Jupiter),4,5,3,1,3,PI Restrictions,1,0,0,0,0,0,0,5,2,No,Exclusive Airdrop of Trending Tokens,Definitely would change perception
R0225,2026-03-04 17:58:22,Hong Kong,26,1–3 years,1,1,0,0,0,1,1,0,0,0,0,Financial Independence,Offshore (Binance/OKX/Bybit),4,3,3,4,1,"Lack of ""Degen"" Culture",0,1,0,0,0,0,1,6,3,Heard of it,Exclusive Airdrop of Trending Tokens,Likely would change perception
R0226,2026-03-04 20:53:55,Hong Kong,22,1–3 years,1,1,1,1,0,1,1,0,0,0,1,Speculation (Quick gains),Offshore (Binance/OKX/Bybit),3,5,3,1,3,Complex KYC,1,1,1,0,0,0,0,5,2,Heard of it,Exclusive Airdrop of Trending Tokens,Likely would change perception
R0227,2026-03-04 22:16:37,Hong Kong,32,1–3 years,1,1,1,0,0,1,1,0,0,1,0,Speculation (Quick gains),Offshore (Binance/OKX/Bybit),5,4,4,4,2,"Lack of ""Degen"" Culture",0,1,0,1,0,0,0,6,3,No,Exclusive Airdrop of Trending Tokens,Likely would change perception
R0228,2026-03-05 02:44:39,Hong Kong,27,Less than 1 year,1,1,0,1,0,1,0,1,0,1,0,Financial Independence,Offshore (Binance/OKX/Bybit),4,5,5,4,4,High Fees,0,0,0,0,0,0,0,5,2,Heard of it,Exclusive Airdrop of Trending Tokens,Unlikely to change perception
R0229,2026-03-05 02:59:28,Hong Kong,32,1–3 years,1,0,0,0,0,1,1,0,0,0,0,Financial Independence,Offshore (Binance/OKX/Bybit),4,4,4,2,2,No USDT Pairs,0,1,1,0,1,0,0,6,3,No,Exclusive Airdrop of Trending Tokens,Likely would change perception
R0230,2026-03-05 11:25:38,Hong Kong,18,1–3 years,1,0,1,0,0,1,0,1,0,1,0,Financial Independence,Licensed (HashKey/OSL),4,4,3,4,4,"Lack of ""Degen"" Culture",1,0,0,0,0,0,0,6,4,No,Physical Pizza Party in Central,Likely would change perception
R0231,2026-03-05 13:03:12,Hong Kong,23,1–3 years,1,1,1,1,0,1,1,1,0,0,1,Speculation (Quick gains),Offshore (Binance/OKX/Bybit),5,5,3,4,4,Complex KYC,0,0,0,1,0,0,0,4,4,Heard of it,Limited Edition NFT,Likely would change perception
R0232,2026-03-05 15:24:03,Hong Kong,20,1–3 years,0,0,0,0,1,1,1,0,0,0,0,Financial Independence,Offshore (Binance/OKX/Bybit),5,3,3,4,3,High Fees,0,0,0,0,0,0,0,5,1,No,Trading Fee Rebates,Unlikely to change perception
R0233,2026-03-05 22:36:46,Hong Kong,26,1–3 years,0,1,1,0,0,0,1,1,0,0,0,Speculation (Quick gains),Offshore (Binance/OKX/Bybit),3,3,3,3,3,High Fees,0,0,0,0,0,0,0,7,1,No,Physical Pizza Party in Central,Definitely would not change perception
R0234,2026-03-06 03:49:47,Hong Kong,27,3+ years,1,1,0,0,0,1,1,1,0,0,0,Speculation (Quick gains),Offshore (Binance/OKX/Bybit),4,4,5,4,3,Complex KYC,1,1,0,0,1,0,0,6,2,No,Exclusive Airdrop of Trending Tokens,Likely would change perception
R0235,2026-03-06 04:27:11,Hong Kong,20,3+ years,0,1,1,0,0,1,1,1,0,0,0,Technology,Offshore (Binance/OKX/Bybit),4,4,3,5,3,Complex KYC,0,0,1,0,0,1,0,4,1,Heard of it,Trading Fee Rebates,Neutral
R0236,2026-03-06 06:39:10,Hong Kong,21,3+ years,0,1,0,1,0,1,0,1,0,1,0,Financial Independence,Licensed (HashKey/OSL),5,4,3,2,4,"Lack of ""Degen"" Culture",0,1,1,0,0,0,1,6,2,Heard of it,Exclusive Airdrop of Trending Tokens,Likely would change perception
R0237,2026-03-06 10:19:45,Hong Kong,32,3+ years,0,1,0,1,0,1,1,0,1,0,1,Community & Narrative,Offshore (Binance/OKX/Bybit),5,3,3,2,5,Complex KYC,1,0,0,1,0,0,0,6,3,No,Physical Pizza Party in Central,Definitely would not change perception
R0238,2026-03-06 13:49:38,Hong Kong,21,3+ years,0,1,0,1,0,1,1,0,0,0,0,Financial Independence,Offshore (Binance/OKX/Bybit),5,4,5,3,4,High Fees,0,0,1,0,0,0,0,6,3,No,Exclusive Airdrop of Trending Tokens,Definitely would change perception
R0239,2026-03-06 14:01:14,Hong Kong,18,Less than 1 year,1,1,0,0,0,1,1,0,1,1,0,Financial Independence,Offshore (Binance/OKX/Bybit),4,5,3,3,4,High Fees,0,0,0,0,0,0,0,6,3,Heard of it,Trading Fee Rebates,Neutral
R0240,2026-03-06 14:51:21,Hong Kong,32,1–3 years,0,0,1,0,0,1,1,0,0,0,1,Financial Independence,Offshore (Binance/OKX/Bybit),4,3,4,3,4,"Lack of ""Degen"" Culture",0,0,0,1,0,0,0,7,2,Heard of it,Limited Edition NFT,Likely would change perception
R0241,2026-03-06 16:55:41,Hong Kong,24,1–3 years,1,1,0,1,0,1,1,0,0,0,0,Speculation (Quick gains),Offshore (Binance/OKX/Bybit),4,4,4,2,3,Complex KYC,0,1,0,0,0,0,0,4,4,Heard of it,Physical Pizza Party in Central,Likely would change perception
R0242,2026-03-06 17:28:03,Hong Kong,18,Interested but haven't started,1,1,0,0,0,1,1,1,0,0,1,Speculation (Quick gains),Offshore (Binance/OKX/Bybit),3,5,5,3,5,Complex KYC,0,0,0,0,0,1,0,5,4,Heard of it,Physical Pizza Party in Central,Neutral
R0243,2026-03-06 18:01:58,Hong Kong,21,Less than 1 year,1,0,0,0,0,0,1,0,1,1,0,Financial Independence,DEX (Uniswap/Jupiter),5,5,5,4,3,High Fees,0,0,1,1,0,0,0,5,4,Heard of it,Exclusive Airdrop of Trending Tokens,Definitely would change perception
R0244,2026-03-06 20:30:12,Hong Kong,20,Less than 1 year,1,0,1,0,0,1,1,1,0,1,1,Financial Independence,Licensed (HashKey/OSL),4,3,4,3,2,High Fees,1,1,0,0,1,0,0,4,3,No,Physical Pizza Party in Central,Unlikely to change perception
R0245,2026-03-06 22:43:13,Hong Kong,18,3+ years,1,1,1,1,0,1,0,0,0,1,0,Financial Independence,Offshore (Binance/OKX/Bybit),4,4,5,2,2,High Fees,0,1,1,1,0,0,0,6,2,"Yes, I celebrate it",Exclusive Airdrop of Trending Tokens,Unlikely to change perception
R0246,2026-03-06 23:18:01,Hong Kong,18,Less than 1 year,1,1,0,1,0,1,1,0,1,0,0,Community & Narrative,Licensed (HashKey/OSL),4,3,4,2,2,"Lack of ""Degen"" Culture",0,0,0,0,0,0,0,7,1,Heard of it,Trading Fee Rebates,Definitely would change perception
R0247,2026-03-07 02:02:06,Hong Kong,18,1–3 years,1,0,0,0,0,0,1,0,1,0,0,Financial Independence,DEX (Uniswap/Jupiter),4,5,4,3,2,"Lack of ""Degen"" Culture",1,1,1,0,0,0,0,3,1,Heard of it,Exclusive Airdrop of Trending Tokens,Likely would change perception
R0248,2026-03-07 02:38:50,Hong Kong,19,1–3 years,1,0,1,0,0,1,1,0,0,0,0,Financial Independence,Offshore (Binance/OKX/Bybit),5,4,5,3,4,High Fees,1,0,1,1,0,0,0,5,2,Heard of it,Limited Edition NFT,Unlikely to change perception
R0249,2026-03-07 07:44:15,Hong Kong,18,1–3 years,0,0,0,0,1,1,1,1,0,1,0,Speculation (Quick gains),Offshore (Binance/OKX/Bybit),5,4,3,4,5,"Lack of ""Degen"" Culture",1,0,0,0,0,1,0,5,3,No,Limited Edition NFT,Neutral
R0250,2026-03-07 08:47:14,Hong Kong,20,1–3 years,1,1,1,0,0,1,0,1,0,0,1,Financial Independence,Offshore (Binance/OKX/Bybit),3,5,4,1,3,"Lack of ""Degen"" Culture",0,0,1,0,0,0,1,7,4,No,Exclusive Airdrop of Trending Tokens,Likely would change perception
R0251,2026-03-07 09:55:15,Hong Kong,21,Less than 1 year,0,0,0,0,1,0,1,0,1,1,1,Financial Independence,Offshore (Binance/OKX/Bybit),5,4,3,3,3,Complex KYC,1,1,1,0,0,0,1,5,6,No,Trading Fee Rebates,Neutral
R0252,2026-03-07 10:34:29,Hong Kong,22,Interested but haven't started,1,1,1,0,0,0,1,1,0,1,0,Speculation (Quick gains),Licensed (HashKey/OSL),4,4,3,4,3,"Lack of ""Degen"" Culture",0,0,0,0,1,0,0,5,5,Heard of it,Trading Fee Rebates,Definitely would change perception
R0253,2026-03-07 10:35:24,Hong Kong,22,1–3 years,1,0,0,0,0,0,1,1,1,1,0,Financial Independence,Offshore (Binance/OKX/Bybit),5,3,5,4,3,Complex KYC,0,1,1,0,0,0,0,5,4,Heard of it,Physical Pizza Party in Central,Likely would change perception
R0254,2026-03-07 14:39:41,Hong Kong,30,3+ years,1,0,0,1,0,1,1,0,1,0,0,Financial Independence,Offshore (Binance/OKX/Bybit),4,4,4,4,4,"Lack of ""Degen"" Culture",0,1,1,0,0,0,0,6,2,"Yes, I celebrate it",Trading Fee Rebates,Unlikely to change perception
R0255,2026-03-07 16:20:00,Hong Kong,31,Less than 1 year,1,0,1,1,0,1,1,0,1,0,1,Community & Narrative,Licensed (HashKey/OSL),5,3,3,4,2,"Lack of ""Degen"" Culture",1,1,1,0,0,0,0,6,1,Heard of it,Physical Pizza Party in Central,Unlikely to change perception
R0256,2026-03-07 19:14:33,Hong Kong,23,3+ years,1,0,0,0,0,1,0,1,0,0,0,Community & Narrative,Licensed (HashKey/OSL),4,5,2,3,1,"Lack of ""Degen"" Culture",1,1,1,1,1,0,0,4,3,No,Exclusive Airdrop of Trending Tokens,Likely would change perception
R0257,2026-03-08 03:44:46,Hong Kong,21,1–3 years,1,1,0,0,0,1,1,0,0,1,0,Financial Independence,OTC Stores,5,4,2,4,3,No USDT Pairs,1,0,1,1,1,1,0,5,2,Heard of it,Exclusive Airdrop of Trending Tokens,Likely would change perception
R0258,2026-03-08 06:09:14,Hong Kong,22,1–3 years,1,1,0,0,0,1,1,0,0,1,0,Community & Narrative,Licensed (HashKey/OSL),4,4,4,3,3,High Fees,0,0,0,0,0,0,0,4,3,Heard of it,Trading Fee Rebates,Likely would change perception
R0259,2026-03-08 06:19:05,Hong Kong,18,1–3 years,0,1,0,0,0,0,1,0,0,0,0,Financial Independence,Offshore (Binance/OKX/Bybit),4,5,4,5,4,"Lack of ""Degen"" Culture",0,0,0,0,0,0,0,6,4,No,Limited Edition NFT,Neutral
R0260,2026-03-08 11:36:03,Hong Kong,35,3+ years,1,1,1,0,0,1,1,1,0,0,0,Speculation (Quick gains),Offshore (Binance/OKX/Bybit),4,4,5,3,5,Complex KYC,0,1,0,0,1,0,0,4,5,No,Physical Pizza Party in Central,Likely would change perception
R0261,2026-03-08 13:26:13,Hong Kong,21,Less than 1 year,0,1,0,1,0,1,1,0,0,0,1,Financial Independence,Offshore (Binance/OKX/Bybit),4,4,3,4,2,"Lack of ""Degen"" Culture",1,0,0,0,0,0,0,5,1,Heard of it,Trading Fee Rebates,Likely would change perception
R0262,2026-03-08 13:46:14,Hong Kong,24,Less than 1 year,0,1,0,0,0,0,1,0,1,0,1,Technology,Offshore (Binance/OKX/Bybit),4,4,4,3,2,"Lack of ""Degen"" Culture",1,0,0,0,0,0,0,5,4,No,Exclusive Airdrop of Trending Tokens,Neutral
R0263,2026-03-08 18:34:24,Hong Kong,24,1–3 years,1,1,1,1,0,0,1,0,0,0,0,Speculation (Quick gains),DEX (Uniswap/Jupiter),5,5,3,3,3,Complex KYC,0,0,0,1,0,0,0,5,1,Heard of it,Exclusive Airdrop of Trending Tokens,Neutral
R0264,2026-03-08 19:46:05,Hong Kong,29,1–3 years,1,1,0,0,0,1,0,1,0,0,0,Technology,Licensed (HashKey/OSL),5,4,4,5,2,No USDT Pairs,1,1,0,0,0,0,0,6,3,Heard of it,Physical Pizza Party in Central,Definitely would not change perception
R0265,2026-03-09 03:20:24,Hong Kong,27,1–3 years,1,1,1,0,0,0,1,1,1,0,1,Speculation (Quick gains),DEX (Uniswap/Jupiter),4,4,4,2,5,Complex KYC,1,0,0,0,1,0,0,7,2,No,Exclusive Airdrop of Trending Tokens,Unlikely to change perception
R0266,2026-03-09 04:42:47,Hong Kong,30,1–3 years,1,0,0,0,0,0,0,0,1,1,0,Financial Independence,DEX (Uniswap/Jupiter),5,4,4,3,2,"Lack of ""Degen"" Culture",1,1,1,1,0,0,0,6,2,No,Exclusive Airdrop of Trending Tokens,Definitely would change perception
R0267,2026-03-09 04:51:03,Hong Kong,20,3+ years,1,1,1,0,0,1,1,0,1,1,1,Financial Independence,Offshore (Binance/OKX/Bybit),5,4,4,2,3,Complex KYC,0,0,1,0,0,0,0,5,3,Heard of it,Exclusive Airdrop of Trending Tokens,Likely would change perception
R0268,2026-03-09 06:54:32,Hong Kong,21,3+ years,0,0,0,0,1,0,1,0,0,0,0,Speculation (Quick gains),Offshore (Binance/OKX/Bybit),4,5,4,3,2,"Lack of ""Degen"" Culture",1,0,0,1,0,0,0,6,1,Heard of it,Exclusive Airdrop of Trending Tokens,Likely would change perception
R0269,2026-03-09 07:06:28,Hong Kong,23,Less than 1 year,0,0,1,0,0,1,0,1,1,0,0,Speculation (Quick gains),Offshore (Binance/OKX/Bybit),4,3,3,4,5,High Fees,0,1,1,0,0,0,0,4,5,Heard of it,Limited Edition NFT,Likely would change perception
R0270,2026-03-09 07:31:24,Hong Kong,30,Interested but haven't started,1,1,0,0,0,0,0,1,1,0,0,Financial Independence,Offshore (Binance/OKX/Bybit),5,5,5,3,5,Complex KYC,1,0,0,1,1,0,0,5,2,Heard of it,Exclusive Airdrop of Trending Tokens,Likely would change perception
R0271,2026-03-09 08:15:04,Hong Kong,30,1–3 years,0,0,0,0,1,0,1,0,0,0,0,Financial Independence,Offshore (Binance/OKX/Bybit),5,4,4,1,4,"Lack of ""Degen"" Culture",0,0,0,0,0,1,1,7,2,Heard of it,Limited Edition NFT,Likely would change perception
R0272,2026-03-09 11:32:37,Hong Kong,24,1–3 years,1,1,1,0,0,0,1,0,0,0,0,Financial Independence,Offshore (Binance/OKX/Bybit),5,3,4,3,4,"Lack of ""Degen"" Culture",1,1,0,0,0,0,0,6,1,Heard of it,Trading Fee Rebates,Unlikely to change perception
R0273,2026-03-09 12:02:57,Hong Kong,24,1–3 years,1,1,0,0,0,1,1,0,0,0,0,Financial Independence,Offshore (Binance/OKX/Bybit),4,4,5,5,4,Complex KYC,1,0,1,0,0,0,0,7,2,Heard of it,Limited Edition NFT,Unlikely to change perception
R0274,2026-03-09 13:12:28,Hong Kong,28,3+ years,1,1,1,0,0,1,1,0,1,0,0,Speculation (Quick gains),Offshore (Binance/OKX/Bybit),5,5,3,4,2,"Lack of ""Degen"" Culture",1,1,1,1,1,0,1,7,2,Heard of it,Exclusive Airdrop of Trending Tokens,Neutral
R0275,2026-03-09 14:41:57,Hong Kong,23,3+ years,0,1,0,0,0,1,1,1,0,1,0,Speculation (Quick gains),Offshore (Binance/OKX/Bybit),3,3,3,4,4,Complex KYC,0,1,0,1,0,0,0,5,4,Heard of it,Trading Fee Rebates,Definitely would change perception
R0276,2026-03-09 16:44:13,Hong Kong,18,Interested but haven't started,0,1,1,0,0,1,0,0,0,0,0,Financial Independence,OTC Stores,5,3,4,3,5,Complex KYC,0,1,0,1,0,0,0,6,2,Heard of it,Exclusive Airdrop of Trending Tokens,Likely would change perception
R0277,2026-03-09 20:31:29,Hong Kong,24,3+ years,1,0,0,0,0,1,0,0,1,1,0,Speculation (Quick gains),Offshore (Binance/OKX/Bybit),5,4,4,4,4,No USDT Pairs,0,1,0,0,0,0,0,5,1,Heard of it,Exclusive Airdrop of Trending Tokens,Neutral
R0278,2026-03-09 22:52:53,Hong Kong,35,Interested but haven't started,0,1,0,1,0,1,1,0,0,1,1,Financial Independence,Licensed (HashKey/OSL),4,4,4,4,5,High Fees,1,0,1,0,0,0,0,4,1,Heard of it,Limited Edition NFT,Likely would change perception
R0279,2026-03-10 00:44:38,Hong Kong,18,3+ years,1,1,0,0,0,1,0,1,0,1,0,Speculation (Quick gains),Offshore (Binance/OKX/Bybit),5,4,4,5,3,Complex KYC,0,0,0,0,1,0,0,5,3,No,Exclusive Airdrop of Trending Tokens,Likely would change perception
R0280,2026-03-10 03:18:59,Hong Kong,32,1–3 years,1,0,1,0,0,1,1,1,0,0,0,Speculation (Quick gains),DEX (Uniswap/Jupiter),5,5,4,3,3,"Lack of ""Degen"" Culture",1,1,0,0,0,0,0,5,2,No,Trading Fee Rebates,Likely would change perception
R0281,2026-03-10 04:57:23,Hong Kong,30,3+ years,1,1,0,1,0,1,0,0,1,0,0,Financial Independence,Offshore (Binance/OKX/Bybit),4,4,3,3,3,High Fees,1,0,0,0,0,1,0,4,1,No,Limited Edition NFT,Neutral
R0282,2026-03-10 09:48:49,Hong Kong,31,Less than 1 year,0,1,1,0,0,1,1,1,1,0,0,Speculation (Quick gains),Offshore (Binance/OKX/Bybit),4,5,4,3,3,Complex KYC,1,0,0,0,0,0,0,4,2,Heard of it,Trading Fee Rebates,Likely would change perception
R0283,2026-03-10 12:32:48,Hong Kong,35,1–3 years,0,1,1,0,0,0,0,0,0,0,1,Financial Independence,Licensed (HashKey/OSL),5,4,5,5,4,"Lack of ""Degen"" Culture",1,1,1,0,0,0,0,7,2,Heard of it,Exclusive Airdrop of Trending Tokens,Definitely would change perception
R0284,2026-03-10 13:09:59,Hong Kong,23,Less than 1 year,1,1,0,0,0,0,1,0,1,1,0,Financial Independence,Offshore (Binance/OKX/Bybit),4,5,4,5,2,"Lack of ""Degen"" Culture",1,0,1,1,0,1,1,5,2,Heard of it,Exclusive Airdrop of Trending Tokens,Neutral
R0285,2026-03-10 14:33:36,Hong Kong,24,Less than 1 year,1,0,1,0,0,1,0,1,1,0,0,Speculation (Quick gains),Licensed (HashKey/OSL),5,4,5,4,3,Complex KYC,0,1,0,0,1,0,0,4,3,Heard of it,Exclusive Airdrop of Trending Tokens,Likely would change perception
R0286,2026-03-10 19:06:57,Hong Kong,19,3+ years,1,1,0,0,0,1,1,0,0,0,0,Speculation (Quick gains),Offshore (Binance/OKX/Bybit),4,4,4,5,3,Complex KYC,0,1,1,0,0,0,0,6,2,Heard of it,Exclusive Airdrop of Trending Tokens,Likely would change perception
R0287,2026-03-10 21:30:00,Hong Kong,23,Less than 1 year,1,0,1,1,0,0,0,1,0,0,0,Technology,Offshore (Binance/OKX/Bybit),4,5,5,3,3,PI Restrictions,0,1,0,1,0,0,0,5,3,"Yes, I celebrate it",Limited Edition NFT,Neutral
